{"hdddm":{"0":0.0217391304},"kdq":{"0":0.0217391304}}