{"hdddm":{"0":0.0989974937},"kdq":{"0":0.0012531328}}