{"Att1":{"hdddm":0.1967418546,"kdq":0.0050125313,"cdbd":0.2067669173},"Att2":{"hdddm":0.2030075188,"kdq":0.0,"cdbd":0.1666666667},"Att3":{"hdddm":0.1954887218,"kdq":0.0037593985,"cdbd":0.1904761905},"Att4":{"hdddm":0.2205513784,"kdq":0.0,"cdbd":0.1929824561},"Att5":{"hdddm":0.1754385965,"kdq":0.0025062657,"cdbd":0.1929824561},"Att6":{"hdddm":0.2042606516,"kdq":0.0,"cdbd":0.2030075188},"Att7":{"hdddm":0.1892230576,"kdq":0.0012531328,"cdbd":0.1666666667},"Att8":{"hdddm":0.171679198,"kdq":0.0050125313,"cdbd":0.1654135338},"Att9":{"hdddm":0.1553884712,"kdq":0.007518797,"cdbd":0.1754385965},"Att10":{"hdddm":0.1917293233,"kdq":0.007518797,"cdbd":0.1967418546},"Att11":{"hdddm":0.1967418546,"kdq":0.0050125313,"cdbd":0.2105263158},"Att12":{"hdddm":0.1904761905,"kdq":0.0087719298,"cdbd":0.1904761905},"Att13":{"hdddm":0.171679198,"kdq":0.0,"cdbd":0.1817042607},"Att14":{"hdddm":0.1629072682,"kdq":0.0012531328,"cdbd":0.1679197995},"Att15":{"hdddm":0.1954887218,"kdq":0.022556391,"cdbd":0.1879699248},"Att16":{"hdddm":0.1929824561,"kdq":0.0087719298,"cdbd":0.2105263158},"Att17":{"hdddm":0.1754385965,"kdq":0.0,"cdbd":0.1829573935},"Att18":{"hdddm":0.1679197995,"kdq":0.0062656642,"cdbd":0.1729323308},"Att19":{"hdddm":0.1629072682,"kdq":0.0112781955,"cdbd":0.1804511278},"Att20":{"hdddm":0.2180451128,"kdq":0.0025062657,"cdbd":0.2005012531},"Att21":{"hdddm":0.1929824561,"kdq":0.0,"cdbd":0.1879699248},"Att22":{"hdddm":0.1804511278,"kdq":0.0012531328,"cdbd":0.1817042607},"Att23":{"hdddm":0.186716792,"kdq":0.0050125313,"cdbd":0.164160401},"Att24":{"hdddm":0.1654135338,"kdq":0.0050125313,"cdbd":0.1879699248},"Att25":{"hdddm":0.1741854637,"kdq":0.0025062657,"cdbd":0.164160401},"Att26":{"hdddm":0.1629072682,"kdq":0.0037593985,"cdbd":0.1842105263},"Att27":{"hdddm":0.1904761905,"kdq":0.0062656642,"cdbd":0.2005012531},"Att28":{"hdddm":0.1629072682,"kdq":0.0025062657,"cdbd":0.1729323308},"Att29":{"hdddm":0.1892230576,"kdq":0.0025062657,"cdbd":0.1854636591},"Att30":{"hdddm":0.1842105263,"kdq":0.0037593985,"cdbd":0.1879699248},"Att31":{"hdddm":0.1729323308,"kdq":0.0012531328,"cdbd":0.201754386},"Att32":{"hdddm":0.1967418546,"kdq":0.0,"cdbd":0.2005012531},"Att33":{"hdddm":0.1879699248,"kdq":0.0037593985,"cdbd":0.1879699248}}