{"PM_Taiyuanjie":{"hdddm":0.2638888889,"kdq":0.0,"cdbd":0.2777777778},"PM_Xiaoheyan":{"hdddm":0.2916666667,"kdq":0.0,"cdbd":0.2083333333},"DEWP":{"hdddm":0.5972222222,"kdq":0.0,"cdbd":0.5833333333},"HUMI":{"hdddm":0.4444444444,"kdq":0.0833333333,"cdbd":0.4305555556},"PRES":{"hdddm":0.5416666667,"kdq":0.0,"cdbd":0.5138888889},"TEMP":{"hdddm":0.5694444444,"kdq":0.0,"cdbd":0.5833333333},"Iws":{"hdddm":0.2222222222,"kdq":0.0416666667,"cdbd":0.2916666667},"precipitation":{"hdddm":0.3472222222,"kdq":0.0,"cdbd":0.3055555556},"Iprec":{"hdddm":0.375,"kdq":0.0,"cdbd":0.2361111111},"cbwd_NE":{"hdddm":0.3472222222,"kdq":0.0,"cdbd":0.4027777778},"cbwd_NW":{"hdddm":0.4305555556,"kdq":0.0,"cdbd":0.4027777778},"cbwd_SE":{"hdddm":0.3194444444,"kdq":0.0,"cdbd":0.2777777778},"cbwd_SW":{"hdddm":0.3333333333,"kdq":0.0,"cdbd":0.3472222222},"cbwd_cv":{"hdddm":0.3472222222,"kdq":0.0,"cdbd":0.3194444444}}