{"PM_City Station":{"hdddm":0.375,"kdq":0.3472222222,"cdbd":0.4027777778},"PM_5th Middle School":{"hdddm":0.4166666667,"kdq":0.2916666667,"cdbd":0.4444444444},"DEWP":{"hdddm":0.3888888889,"kdq":0.0694444444,"cdbd":0.3333333333},"HUMI":{"hdddm":0.3472222222,"kdq":0.0,"cdbd":0.3611111111},"PRES":{"hdddm":0.6111111111,"kdq":0.0833333333,"cdbd":0.5277777778},"TEMP":{"hdddm":0.4861111111,"kdq":0.8194444444,"cdbd":0.5138888889},"Iws":{"hdddm":0.2638888889,"kdq":0.6805555556,"cdbd":0.1805555556},"precipitation":{"hdddm":0.1805555556,"kdq":0.0,"cdbd":0.1805555556},"Iprec":{"hdddm":0.1944444444,"kdq":0.0,"cdbd":0.1666666667},"cbwd_NE":{"hdddm":0.375,"kdq":0.0,"cdbd":0.375},"cbwd_NW":{"hdddm":0.2916666667,"kdq":0.0,"cdbd":0.375},"cbwd_SE":{"hdddm":0.4166666667,"kdq":0.0,"cdbd":0.2916666667},"cbwd_SW":{"hdddm":0.3333333333,"kdq":0.0,"cdbd":0.3333333333},"cbwd_cv":{"hdddm":0.2777777778,"kdq":0.0,"cdbd":0.2638888889}}