{"hdddm":{"0":0.0865235672},"kdq":{"0":0.0002212879}}