{"hdddm":{"0":0.0942541436},"kdq":{"0":0.0001104972}}