{"hdddm":{"0":0.2575757576},"kdq":{"0":0.9393939394}}