{"Att1":{"hdddm":0.2113299403,"kdq":0.0002212879,"cdbd":0.1978313786},"Att2":{"hdddm":0.2128789555,"kdq":0.0002212879,"cdbd":0.2053551671},"Att3":{"hdddm":0.201371985,"kdq":0.0026554547,"cdbd":0.1931843328},"Att4":{"hdddm":0.1861031202,"kdq":0.0011064395,"cdbd":0.1845541049},"Att5":{"hdddm":0.1987165302,"kdq":0.0,"cdbd":0.190750166},"Att6":{"hdddm":0.196946227,"kdq":0.0,"cdbd":0.1911927418},"Att7":{"hdddm":0.184332817,"kdq":0.0004425758,"cdbd":0.1925204691},"Att8":{"hdddm":0.177915468,"kdq":0.0017703032,"cdbd":0.1869882717},"Att9":{"hdddm":0.1814560744,"kdq":0.0019915911,"cdbd":0.1830050896},"Att10":{"hdddm":0.1799070591,"kdq":0.0002212879,"cdbd":0.1854392565},"Att11":{"hdddm":0.1805709228,"kdq":0.0,"cdbd":0.1712768312},"Att12":{"hdddm":0.1805709228,"kdq":0.0002212879,"cdbd":0.1814560744},"Att13":{"hdddm":0.1794644833,"kdq":0.0,"cdbd":0.1790219075},"Att14":{"hdddm":0.1768090285,"kdq":0.002212879,"cdbd":0.1788006196},"Att15":{"hdddm":0.1690639522,"kdq":0.0006638637,"cdbd":0.1818986501},"Att16":{"hdddm":0.1805709228,"kdq":0.0008851516,"cdbd":0.1805709228},"Att17":{"hdddm":0.1714981191,"kdq":0.0002212879,"cdbd":0.1721619827},"Att18":{"hdddm":0.1688426643,"kdq":0.0002212879,"cdbd":0.1776941801},"Att19":{"hdddm":0.1763664528,"kdq":0.0015490153,"cdbd":0.1818986501},"Att20":{"hdddm":0.1847753928,"kdq":0.0013277274,"cdbd":0.1823412259},"Att21":{"hdddm":0.1657446338,"kdq":0.0004425758,"cdbd":0.1697278159},"Att22":{"hdddm":0.1703916796,"kdq":0.0004425758,"cdbd":0.1830050896},"Att23":{"hdddm":0.1838902412,"kdq":0.0002212879,"cdbd":0.1845541049},"Att24":{"hdddm":0.1666297854,"kdq":0.0013277274,"cdbd":0.1714981191},"Att25":{"hdddm":0.1799070591,"kdq":0.0002212879,"cdbd":0.1849966807},"Att26":{"hdddm":0.1726045585,"kdq":0.0004425758,"cdbd":0.1768090285},"Att27":{"hdddm":0.1757025891,"kdq":0.002212879,"cdbd":0.1783580438},"Att28":{"hdddm":0.1792431954,"kdq":0.0008851516,"cdbd":0.1721619827},"Att29":{"hdddm":0.177915468,"kdq":0.0002212879,"cdbd":0.173710998},"Att30":{"hdddm":0.1714981191,"kdq":0.0006638637,"cdbd":0.1818986501},"Att31":{"hdddm":0.1732684222,"kdq":0.0002212879,"cdbd":0.1772516043},"Att32":{"hdddm":0.1661872096,"kdq":0.0013277274,"cdbd":0.1852179686},"Att33":{"hdddm":0.1788006196,"kdq":0.0,"cdbd":0.1752600133}}