{"nswprice":{"hdddm":0.3636363636,"kdq":0.2121212121,"cdbd":0.4393939394},"nswdemand":{"hdddm":0.4242424242,"kdq":0.7272727273,"cdbd":0.3939393939},"vicprice":{"hdddm":0.196969697,"kdq":0.0,"cdbd":0.1818181818},"vicdemand":{"hdddm":0.2424242424,"kdq":0.0,"cdbd":0.2272727273},"transfer":{"hdddm":0.2575757576,"kdq":0.0,"cdbd":0.2575757576}}