{"Att1":{"hdddm":0.1375,"kdq":0.0041666667,"cdbd":0.15},"Att2":{"hdddm":0.2125,"kdq":0.0041666667,"cdbd":0.2},"Att3":{"hdddm":0.2291666667,"kdq":0.025,"cdbd":0.2},"Att4":{"hdddm":0.1875,"kdq":0.0083333333,"cdbd":0.2083333333},"Att5":{"hdddm":0.1833333333,"kdq":0.0166666667,"cdbd":0.2291666667},"Att6":{"hdddm":0.2333333333,"kdq":0.0083333333,"cdbd":0.25},"Att7":{"hdddm":0.1958333333,"kdq":0.0041666667,"cdbd":0.1916666667},"Att8":{"hdddm":0.1708333333,"kdq":0.0125,"cdbd":0.1875},"Att9":{"hdddm":0.2083333333,"kdq":0.0208333333,"cdbd":0.2041666667},"Att10":{"hdddm":0.1958333333,"kdq":0.0291666667,"cdbd":0.1583333333},"Att11":{"hdddm":0.1666666667,"kdq":0.0333333333,"cdbd":0.1375},"Att12":{"hdddm":0.1708333333,"kdq":0.0083333333,"cdbd":0.1083333333},"Att13":{"hdddm":0.1583333333,"kdq":0.0125,"cdbd":0.1708333333},"Att14":{"hdddm":0.1541666667,"kdq":0.025,"cdbd":0.1666666667},"Att15":{"hdddm":0.2291666667,"kdq":0.0,"cdbd":0.2166666667},"Att16":{"hdddm":0.1666666667,"kdq":0.0083333333,"cdbd":0.1708333333},"Att17":{"hdddm":0.1916666667,"kdq":0.0333333333,"cdbd":0.1875},"Att18":{"hdddm":0.2041666667,"kdq":0.0208333333,"cdbd":0.1958333333},"Att19":{"hdddm":0.1541666667,"kdq":0.05,"cdbd":0.1916666667},"Att20":{"hdddm":0.175,"kdq":0.0083333333,"cdbd":0.1791666667},"Att21":{"hdddm":0.175,"kdq":0.025,"cdbd":0.175},"Att22":{"hdddm":0.1416666667,"kdq":0.0041666667,"cdbd":0.1958333333},"Att23":{"hdddm":0.1875,"kdq":0.0041666667,"cdbd":0.2208333333},"Att24":{"hdddm":0.1833333333,"kdq":0.0,"cdbd":0.1666666667},"Att25":{"hdddm":0.1958333333,"kdq":0.0083333333,"cdbd":0.2125},"Att26":{"hdddm":0.1666666667,"kdq":0.0,"cdbd":0.2},"Att27":{"hdddm":0.15,"kdq":0.0125,"cdbd":0.1916666667},"Att28":{"hdddm":0.2125,"kdq":0.0,"cdbd":0.2083333333},"Att29":{"hdddm":0.175,"kdq":0.0,"cdbd":0.2041666667},"Att30":{"hdddm":0.2291666667,"kdq":0.0,"cdbd":0.2333333333},"Att31":{"hdddm":0.1833333333,"kdq":0.0041666667,"cdbd":0.1708333333},"Att32":{"hdddm":0.15,"kdq":0.0083333333,"cdbd":0.1291666667},"Att33":{"hdddm":0.2333333333,"kdq":0.0041666667,"cdbd":0.2041666667}}