{"hdddm":{"0":0.0408163265},"kdq":{"0":0.2653061224}}