{"attribute1":{"hdddm":0.2448979592,"kdq":0.1632653061,"cdbd":0.2857142857},"attribute2":{"hdddm":0.0816326531,"kdq":0.2040816327,"cdbd":0.0612244898},"attribute3":{"hdddm":0.1020408163,"kdq":0.1020408163,"cdbd":0.1020408163},"attribute4":{"hdddm":0.306122449,"kdq":0.0204081633,"cdbd":0.306122449},"attribute5":{"hdddm":0.1632653061,"kdq":0.1836734694,"cdbd":0.1224489796},"attribute6":{"hdddm":0.2244897959,"kdq":0.0,"cdbd":0.3265306122},"attribute7":{"hdddm":0.306122449,"kdq":0.0,"cdbd":0.2448979592},"attribute8":{"hdddm":0.4693877551,"kdq":0.0,"cdbd":0.4489795918}}