{"PM10":{"hdddm":0.2978723404,"kdq":0.7872340426,"cdbd":0.3191489362},"SO2":{"hdddm":0.4468085106,"kdq":0.0212765957,"cdbd":0.4255319149},"NO2":{"hdddm":0.3404255319,"kdq":0.085106383,"cdbd":0.3404255319},"CO":{"hdddm":0.3617021277,"kdq":0.0,"cdbd":0.3404255319},"O3":{"hdddm":0.4468085106,"kdq":0.1063829787,"cdbd":0.3617021277},"TEMP":{"hdddm":0.5106382979,"kdq":0.4468085106,"cdbd":0.5531914894},"PRES":{"hdddm":0.4680851064,"kdq":0.4255319149,"cdbd":0.4680851064},"DEWP":{"hdddm":0.5957446809,"kdq":0.9787234043,"cdbd":0.5531914894},"RAIN":{"hdddm":0.2765957447,"kdq":0.0,"cdbd":0.2340425532},"WSPM":{"hdddm":0.2978723404,"kdq":0.0,"cdbd":0.170212766},"wd_E":{"hdddm":0.3617021277,"kdq":0.0,"cdbd":0.3617021277},"wd_ENE":{"hdddm":0.2765957447,"kdq":0.0,"cdbd":0.2765957447},"wd_ESE":{"hdddm":0.2765957447,"kdq":0.0,"cdbd":0.2978723404},"wd_N":{"hdddm":0.2765957447,"kdq":0.0,"cdbd":0.2553191489},"wd_NE":{"hdddm":0.2553191489,"kdq":0.0,"cdbd":0.2340425532},"wd_NNE":{"hdddm":0.2978723404,"kdq":0.0,"cdbd":0.2340425532},"wd_NNW":{"hdddm":0.2340425532,"kdq":0.0,"cdbd":0.1914893617},"wd_NW":{"hdddm":0.2765957447,"kdq":0.0,"cdbd":0.3404255319},"wd_S":{"hdddm":0.3191489362,"kdq":0.0,"cdbd":0.2765957447},"wd_SE":{"hdddm":0.3829787234,"kdq":0.0,"cdbd":0.3829787234},"wd_SSE":{"hdddm":0.2340425532,"kdq":0.0,"cdbd":0.2340425532},"wd_SSW":{"hdddm":0.2765957447,"kdq":0.0,"cdbd":0.2553191489},"wd_SW":{"hdddm":0.2553191489,"kdq":0.0,"cdbd":0.2553191489},"wd_W":{"hdddm":0.2340425532,"kdq":0.0,"cdbd":0.2340425532},"wd_WNW":{"hdddm":0.2553191489,"kdq":0.0,"cdbd":0.2765957447},"wd_WSW":{"hdddm":0.1914893617,"kdq":0.0,"cdbd":0.170212766},"station_Shunyi":{"hdddm":0.0,"kdq":0.0,"cdbd":0.0}}