{"hdddm":{"0":0.0958333333},"kdq":{"0":0.0041666667}}