{"PM_Jingan":{"hdddm":0.2777777778,"kdq":0.0,"cdbd":0.3055555556},"PM_Xuhui":{"hdddm":0.3472222222,"kdq":0.0,"cdbd":0.3888888889},"DEWP":{"hdddm":0.6388888889,"kdq":0.0,"cdbd":0.6527777778},"HUMI":{"hdddm":0.4305555556,"kdq":0.0555555556,"cdbd":0.4444444444},"PRES":{"hdddm":0.5555555556,"kdq":0.0,"cdbd":0.5138888889},"TEMP":{"hdddm":0.5833333333,"kdq":0.0,"cdbd":0.5694444444},"Iws":{"hdddm":0.2916666667,"kdq":0.5694444444,"cdbd":0.3055555556},"precipitation":{"hdddm":0.2361111111,"kdq":0.0,"cdbd":0.2083333333},"Iprec":{"hdddm":0.2638888889,"kdq":0.0,"cdbd":0.3055555556},"cbwd_NE":{"hdddm":0.4722222222,"kdq":0.0,"cdbd":0.375},"cbwd_NW":{"hdddm":0.3472222222,"kdq":0.0,"cdbd":0.3472222222},"cbwd_SE":{"hdddm":0.4305555556,"kdq":0.0,"cdbd":0.3888888889},"cbwd_SW":{"hdddm":0.375,"kdq":0.0,"cdbd":0.3472222222},"cbwd_cv":{"hdddm":0.2777777778,"kdq":0.0,"cdbd":0.2916666667}}