{"PM10":{"hdddm":0.2765957447,"kdq":0.8085106383,"cdbd":0.3617021277},"SO2":{"hdddm":0.4680851064,"kdq":0.0212765957,"cdbd":0.4042553191},"NO2":{"hdddm":0.3404255319,"kdq":0.4255319149,"cdbd":0.3404255319},"CO":{"hdddm":0.3617021277,"kdq":0.0,"cdbd":0.3404255319},"O3":{"hdddm":0.4042553191,"kdq":0.1914893617,"cdbd":0.4042553191},"TEMP":{"hdddm":0.5106382979,"kdq":0.4468085106,"cdbd":0.5744680851},"PRES":{"hdddm":0.5319148936,"kdq":0.4468085106,"cdbd":0.4893617021},"DEWP":{"hdddm":0.6382978723,"kdq":0.9787234043,"cdbd":0.5531914894},"RAIN":{"hdddm":0.1914893617,"kdq":0.0,"cdbd":0.1914893617},"WSPM":{"hdddm":0.2978723404,"kdq":0.0,"cdbd":0.2765957447},"wd_E":{"hdddm":0.3191489362,"kdq":0.0,"cdbd":0.2978723404},"wd_ENE":{"hdddm":0.2978723404,"kdq":0.0,"cdbd":0.3191489362},"wd_ESE":{"hdddm":0.2765957447,"kdq":0.0,"cdbd":0.2765957447},"wd_N":{"hdddm":0.2765957447,"kdq":0.0,"cdbd":0.3404255319},"wd_NE":{"hdddm":0.2765957447,"kdq":0.0,"cdbd":0.3191489362},"wd_NNE":{"hdddm":0.2127659574,"kdq":0.0,"cdbd":0.2127659574},"wd_NNW":{"hdddm":0.2765957447,"kdq":0.0,"cdbd":0.2765957447},"wd_NW":{"hdddm":0.3617021277,"kdq":0.0,"cdbd":0.3191489362},"wd_S":{"hdddm":0.2127659574,"kdq":0.0,"cdbd":0.2127659574},"wd_SE":{"hdddm":0.2127659574,"kdq":0.0,"cdbd":0.2127659574},"wd_SSE":{"hdddm":0.2765957447,"kdq":0.0,"cdbd":0.2765957447},"wd_SSW":{"hdddm":0.2127659574,"kdq":0.0,"cdbd":0.2127659574},"wd_SW":{"hdddm":0.3191489362,"kdq":0.0,"cdbd":0.4042553191},"wd_W":{"hdddm":0.2553191489,"kdq":0.0,"cdbd":0.2553191489},"wd_WNW":{"hdddm":0.2765957447,"kdq":0.0,"cdbd":0.2765957447},"wd_WSW":{"hdddm":0.2765957447,"kdq":0.0,"cdbd":0.2765957447},"station_Wanliu":{"hdddm":0.0,"kdq":0.0,"cdbd":0.0}}