{"PM_Caotangsi":{"hdddm":0.375,"kdq":0.625,"cdbd":0.4027777778},"PM_Shahepu":{"hdddm":0.3611111111,"kdq":0.4166666667,"cdbd":0.3611111111},"DEWP":{"hdddm":0.625,"kdq":0.0,"cdbd":0.6388888889},"HUMI":{"hdddm":0.4861111111,"kdq":0.125,"cdbd":0.4444444444},"PRES":{"hdddm":0.5277777778,"kdq":0.0,"cdbd":0.4722222222},"TEMP":{"hdddm":0.6111111111,"kdq":0.0,"cdbd":0.5833333333},"Iws":{"hdddm":0.2638888889,"kdq":0.0,"cdbd":0.2222222222},"precipitation":{"hdddm":0.2361111111,"kdq":0.0,"cdbd":0.1944444444},"Iprec":{"hdddm":0.2638888889,"kdq":0.0,"cdbd":0.2777777778},"cbwd_NE":{"hdddm":0.3194444444,"kdq":0.0,"cdbd":0.3333333333},"cbwd_NW":{"hdddm":0.25,"kdq":0.0,"cdbd":0.2777777778},"cbwd_SE":{"hdddm":0.1388888889,"kdq":0.0,"cdbd":0.1944444444},"cbwd_SW":{"hdddm":0.3472222222,"kdq":0.0,"cdbd":0.375},"cbwd_cv":{"hdddm":0.2777777778,"kdq":0.0,"cdbd":0.2638888889}}