{"PM10":{"hdddm":0.4255319149,"kdq":0.7446808511,"cdbd":0.4468085106},"SO2":{"hdddm":0.4255319149,"kdq":0.0212765957,"cdbd":0.4680851064},"NO2":{"hdddm":0.4042553191,"kdq":0.0425531915,"cdbd":0.3829787234},"CO":{"hdddm":0.2553191489,"kdq":0.0,"cdbd":0.3191489362},"O3":{"hdddm":0.4468085106,"kdq":0.1489361702,"cdbd":0.4255319149},"TEMP":{"hdddm":0.5531914894,"kdq":0.4255319149,"cdbd":0.5319148936},"PRES":{"hdddm":0.4255319149,"kdq":0.4468085106,"cdbd":0.4468085106},"DEWP":{"hdddm":0.5531914894,"kdq":0.9787234043,"cdbd":0.5319148936},"RAIN":{"hdddm":0.1276595745,"kdq":0.0,"cdbd":0.1276595745},"WSPM":{"hdddm":0.2765957447,"kdq":0.0,"cdbd":0.2765957447},"wd_E":{"hdddm":0.2978723404,"kdq":0.0,"cdbd":0.2553191489},"wd_ENE":{"hdddm":0.2127659574,"kdq":0.0,"cdbd":0.2340425532},"wd_ESE":{"hdddm":0.3617021277,"kdq":0.0,"cdbd":0.3404255319},"wd_N":{"hdddm":0.2553191489,"kdq":0.0,"cdbd":0.2553191489},"wd_NE":{"hdddm":0.2553191489,"kdq":0.0,"cdbd":0.2765957447},"wd_NNE":{"hdddm":0.2340425532,"kdq":0.0,"cdbd":0.2340425532},"wd_NNW":{"hdddm":0.3404255319,"kdq":0.0,"cdbd":0.3617021277},"wd_NW":{"hdddm":0.3829787234,"kdq":0.0,"cdbd":0.3617021277},"wd_S":{"hdddm":0.2553191489,"kdq":0.0,"cdbd":0.2553191489},"wd_SE":{"hdddm":0.2553191489,"kdq":0.0,"cdbd":0.2553191489},"wd_SSE":{"hdddm":0.4468085106,"kdq":0.0,"cdbd":0.3191489362},"wd_SSW":{"hdddm":0.3404255319,"kdq":0.0,"cdbd":0.2765957447},"wd_SW":{"hdddm":0.2765957447,"kdq":0.0,"cdbd":0.2765957447},"wd_W":{"hdddm":0.2765957447,"kdq":0.0,"cdbd":0.2765957447},"wd_WNW":{"hdddm":0.3191489362,"kdq":0.0,"cdbd":0.2765957447},"wd_WSW":{"hdddm":0.2340425532,"kdq":0.0,"cdbd":0.2553191489},"station_Changping":{"hdddm":0.0,"kdq":0.0,"cdbd":0.0}}