{"hdddm":{"0":0.0879888268},"kdq":{"0":0.000698324}}