{"var1":{"var1":0.0012515645,"var2":0.0},"var2":{"var1":0.0012515645,"var2":0.0}}