{"Att1":{"hdddm":0.2213687151,"kdq":0.000698324,"cdbd":0.1969273743},"Att2":{"hdddm":0.1990223464,"kdq":0.0,"cdbd":0.1990223464},"Att3":{"hdddm":0.1934357542,"kdq":0.0,"cdbd":0.1941340782},"Att4":{"hdddm":0.1794692737,"kdq":0.000698324,"cdbd":0.188547486},"Att5":{"hdddm":0.1857541899,"kdq":0.0027932961,"cdbd":0.1710893855},"Att6":{"hdddm":0.1801675978,"kdq":0.0,"cdbd":0.1920391061},"Att7":{"hdddm":0.1913407821,"kdq":0.0041899441,"cdbd":0.1899441341},"Att8":{"hdddm":0.1843575419,"kdq":0.001396648,"cdbd":0.1731843575},"Att9":{"hdddm":0.1787709497,"kdq":0.0,"cdbd":0.187849162},"Att10":{"hdddm":0.1662011173,"kdq":0.0,"cdbd":0.1738826816},"Att11":{"hdddm":0.1822625698,"kdq":0.0027932961,"cdbd":0.1899441341},"Att12":{"hdddm":0.1731843575,"kdq":0.0,"cdbd":0.1794692737},"Att13":{"hdddm":0.1843575419,"kdq":0.001396648,"cdbd":0.1710893855},"Att14":{"hdddm":0.1655027933,"kdq":0.0020949721,"cdbd":0.1927374302},"Att15":{"hdddm":0.1613128492,"kdq":0.0027932961,"cdbd":0.1613128492},"Att16":{"hdddm":0.1696927374,"kdq":0.0027932961,"cdbd":0.1969273743},"Att17":{"hdddm":0.1641061453,"kdq":0.0034916201,"cdbd":0.1836592179},"Att18":{"hdddm":0.1766759777,"kdq":0.0055865922,"cdbd":0.1857541899},"Att19":{"hdddm":0.1752793296,"kdq":0.001396648,"cdbd":0.1850558659},"Att20":{"hdddm":0.1613128492,"kdq":0.0,"cdbd":0.1717877095},"Att21":{"hdddm":0.1906424581,"kdq":0.0069832402,"cdbd":0.1857541899},"Att22":{"hdddm":0.1808659218,"kdq":0.0090782123,"cdbd":0.1724860335},"Att23":{"hdddm":0.1829608939,"kdq":0.0034916201,"cdbd":0.1815642458},"Att24":{"hdddm":0.1648044693,"kdq":0.001396648,"cdbd":0.157122905},"Att25":{"hdddm":0.1808659218,"kdq":0.0034916201,"cdbd":0.1689944134},"Att26":{"hdddm":0.1717877095,"kdq":0.0034916201,"cdbd":0.1634078212},"Att27":{"hdddm":0.1843575419,"kdq":0.0027932961,"cdbd":0.1969273743},"Att28":{"hdddm":0.1843575419,"kdq":0.000698324,"cdbd":0.1794692737},"Att29":{"hdddm":0.1745810056,"kdq":0.000698324,"cdbd":0.1794692737},"Att30":{"hdddm":0.1648044693,"kdq":0.0,"cdbd":0.1703910615},"Att31":{"hdddm":0.1780726257,"kdq":0.0034916201,"cdbd":0.1913407821},"Att32":{"hdddm":0.1759776536,"kdq":0.0020949721,"cdbd":0.1913407821},"Att33":{"hdddm":0.1773743017,"kdq":0.0020949721,"cdbd":0.1794692737}}