{"var1":{"var1":0.001754386,"var2":0.0},"var2":{"var1":0.001754386,"var2":0.0}}