{"CO(GT)":{"hdddm":0.5454545455,"kdq":0.0,"cdbd":0.5454545455},"PT08.S1(CO)":{"hdddm":0.2727272727,"kdq":0.9090909091,"cdbd":0.2727272727},"NMHC(GT)":{"hdddm":0.0909090909,"kdq":0.1818181818,"cdbd":0.0909090909},"C6H6(GT)":{"hdddm":0.3636363636,"kdq":1.0,"cdbd":0.3636363636},"PT08.S2(NMHC)":{"hdddm":0.3636363636,"kdq":1.0,"cdbd":0.3636363636},"NOx(GT)":{"hdddm":0.2727272727,"kdq":0.9090909091,"cdbd":0.2727272727},"PT08.S3(NOx)":{"hdddm":0.3636363636,"kdq":0.8181818182,"cdbd":0.4545454545},"PT08.S4(NO2)":{"hdddm":0.3636363636,"kdq":1.0,"cdbd":0.4545454545},"PT08.S5(O3)":{"hdddm":0.3636363636,"kdq":0.8181818182,"cdbd":0.4545454545},"T":{"hdddm":0.5454545455,"kdq":1.0,"cdbd":0.4545454545},"RH":{"hdddm":0.4545454545,"kdq":1.0,"cdbd":0.4545454545},"AH":{"hdddm":0.5454545455,"kdq":1.0,"cdbd":0.3636363636}}