{"hdddm":{"0":0.0881441847},"kdq":{"0":0.0002816108}}