{"Att1":{"hdddm":0.1974091805,"kdq":0.003097719,"cdbd":0.1968459589},"Att2":{"hdddm":0.2120529428,"kdq":0.0002816108,"cdbd":0.1990988454},"Att3":{"hdddm":0.2010701211,"kdq":0.0002816108,"cdbd":0.1929034075},"Att4":{"hdddm":0.1895240777,"kdq":0.0,"cdbd":0.1867079696},"Att5":{"hdddm":0.1782596452,"kdq":0.0,"cdbd":0.1796676992},"Att6":{"hdddm":0.1937482399,"kdq":0.0014080541,"cdbd":0.1805125317},"Att7":{"hdddm":0.1957195156,"kdq":0.0002816108,"cdbd":0.2086736131},"Att8":{"hdddm":0.1675584342,"kdq":0.0,"cdbd":0.178541256},"Att9":{"hdddm":0.1703745424,"kdq":0.0,"cdbd":0.1760067587},"Att10":{"hdddm":0.1819205858,"kdq":0.0002816108,"cdbd":0.1805125317},"Att11":{"hdddm":0.1695297099,"kdq":0.0,"cdbd":0.1898056885},"Att12":{"hdddm":0.1802309209,"kdq":0.0005632216,"cdbd":0.1822021966},"Att13":{"hdddm":0.1765699803,"kdq":0.0011264433,"cdbd":0.1779780344},"Att14":{"hdddm":0.1912137426,"kdq":0.0002816108,"cdbd":0.1788228668},"Att15":{"hdddm":0.1715009856,"kdq":0.0011264433,"cdbd":0.1703745424},"Att16":{"hdddm":0.1858631371,"kdq":0.0005632216,"cdbd":0.186144748},"Att17":{"hdddm":0.1743170938,"kdq":0.0005632216,"cdbd":0.1836102506},"Att18":{"hdddm":0.1686848775,"kdq":0.0005632216,"cdbd":0.1723458181},"Att19":{"hdddm":0.1864263588,"kdq":0.0005632216,"cdbd":0.1833286398},"Att20":{"hdddm":0.1776964235,"kdq":0.0019712757,"cdbd":0.1791044776},"Att21":{"hdddm":0.1768515911,"kdq":0.0002816108,"cdbd":0.1869895804},"Att22":{"hdddm":0.1684032667,"kdq":0.0002816108,"cdbd":0.1726274289},"Att23":{"hdddm":0.1703745424,"kdq":0.0005632216,"cdbd":0.1700929316},"Att24":{"hdddm":0.1743170938,"kdq":0.0002816108,"cdbd":0.1827654182},"Att25":{"hdddm":0.1726274289,"kdq":0.0005632216,"cdbd":0.1757251478},"Att26":{"hdddm":0.1762883695,"kdq":0.0,"cdbd":0.1734722613},"Att27":{"hdddm":0.1672768234,"kdq":0.0,"cdbd":0.1895240777},"Att28":{"hdddm":0.1731906505,"kdq":0.0002816108,"cdbd":0.1816389749},"Att29":{"hdddm":0.178541256,"kdq":0.0014080541,"cdbd":0.1782596452},"Att30":{"hdddm":0.1703745424,"kdq":0.0019712757,"cdbd":0.1802309209},"Att31":{"hdddm":0.1706561532,"kdq":0.0050689946,"cdbd":0.1678400451},"Att32":{"hdddm":0.1644607153,"kdq":0.0,"cdbd":0.1669952126},"Att33":{"hdddm":0.1661503802,"kdq":0.0005632216,"cdbd":0.1796676992}}