{"var1":{"var1":0.0002815315,"var2":0.0},"var2":{"var1":0.0002815315,"var2":0.0}}