{"hdddm":{"0":0.0878734622},"kdq":{"0":0.0017574692}}