{"Att1":{"hdddm":0.1985940246,"kdq":0.0035149385,"cdbd":0.1898066784},"Att2":{"hdddm":0.2108963093,"kdq":0.007029877,"cdbd":0.2021089631},"Att3":{"hdddm":0.2073813708,"kdq":0.0017574692,"cdbd":0.1985940246},"Att4":{"hdddm":0.2056239016,"kdq":0.0052724077,"cdbd":0.2126537786},"Att5":{"hdddm":0.2056239016,"kdq":0.0017574692,"cdbd":0.2144112478},"Att6":{"hdddm":0.1862917399,"kdq":0.0,"cdbd":0.1915641476},"Att7":{"hdddm":0.1845342707,"kdq":0.0035149385,"cdbd":0.165202109},"Att8":{"hdddm":0.1564147627,"kdq":0.0017574692,"cdbd":0.2003514938},"Att9":{"hdddm":0.1405975395,"kdq":0.0052724077,"cdbd":0.1616871705},"Att10":{"hdddm":0.1933216169,"kdq":0.0087873462,"cdbd":0.1950790861},"Att11":{"hdddm":0.1722319859,"kdq":0.0017574692,"cdbd":0.1599297012},"Att12":{"hdddm":0.144112478,"kdq":0.0,"cdbd":0.1616871705},"Att13":{"hdddm":0.1898066784,"kdq":0.0052724077,"cdbd":0.1669595782},"Att14":{"hdddm":0.1950790861,"kdq":0.0,"cdbd":0.1810193322},"Att15":{"hdddm":0.165202109,"kdq":0.0052724077,"cdbd":0.1634446397},"Att16":{"hdddm":0.1634446397,"kdq":0.0,"cdbd":0.1669595782},"Att17":{"hdddm":0.1546572935,"kdq":0.0035149385,"cdbd":0.1792618629},"Att18":{"hdddm":0.1687170475,"kdq":0.0035149385,"cdbd":0.1775043937},"Att19":{"hdddm":0.1669595782,"kdq":0.0,"cdbd":0.1564147627},"Att20":{"hdddm":0.1845342707,"kdq":0.0035149385,"cdbd":0.2056239016},"Att21":{"hdddm":0.165202109,"kdq":0.0017574692,"cdbd":0.1792618629},"Att22":{"hdddm":0.2056239016,"kdq":0.0052724077,"cdbd":0.1933216169},"Att23":{"hdddm":0.2038664323,"kdq":0.0017574692,"cdbd":0.1950790861},"Att24":{"hdddm":0.1757469244,"kdq":0.007029877,"cdbd":0.1687170475},"Att25":{"hdddm":0.1757469244,"kdq":0.0052724077,"cdbd":0.1792618629},"Att26":{"hdddm":0.1704745167,"kdq":0.0,"cdbd":0.1687170475},"Att27":{"hdddm":0.1985940246,"kdq":0.0035149385,"cdbd":0.1739894552},"Att28":{"hdddm":0.1933216169,"kdq":0.0,"cdbd":0.1704745167},"Att29":{"hdddm":0.1669595782,"kdq":0.0052724077,"cdbd":0.1775043937},"Att30":{"hdddm":0.1528998243,"kdq":0.0017574692,"cdbd":0.1528998243},"Att31":{"hdddm":0.1476274165,"kdq":0.0035149385,"cdbd":0.1810193322},"Att32":{"hdddm":0.1810193322,"kdq":0.007029877,"cdbd":0.1775043937},"Att33":{"hdddm":0.1564147627,"kdq":0.0035149385,"cdbd":0.1669595782}}