{"PM_Dongsi":{"hdddm":0.375,"kdq":0.0,"cdbd":0.3472222222},"PM_Dongsihuan":{"hdddm":0.375,"kdq":0.0,"cdbd":0.3333333333},"PM_Nongzhanguan":{"hdddm":0.3055555556,"kdq":0.0,"cdbd":0.3194444444},"DEWP":{"hdddm":0.5833333333,"kdq":0.0,"cdbd":0.5694444444},"HUMI":{"hdddm":0.4305555556,"kdq":0.0,"cdbd":0.3472222222},"PRES":{"hdddm":0.5555555556,"kdq":0.0,"cdbd":0.5138888889},"TEMP":{"hdddm":0.5972222222,"kdq":0.0,"cdbd":0.6388888889},"Iws":{"hdddm":0.4027777778,"kdq":0.8333333333,"cdbd":0.3333333333},"precipitation":{"hdddm":0.2361111111,"kdq":0.0,"cdbd":0.25},"Iprec":{"hdddm":0.1666666667,"kdq":0.0,"cdbd":0.1388888889},"cbwd_NE":{"hdddm":0.2638888889,"kdq":0.0,"cdbd":0.2361111111},"cbwd_NW":{"hdddm":0.4027777778,"kdq":0.0,"cdbd":0.3472222222},"cbwd_SE":{"hdddm":0.3472222222,"kdq":0.0,"cdbd":0.375},"cbwd_cv":{"hdddm":0.2777777778,"kdq":0.0,"cdbd":0.2361111111}}