{"Att1":{"hdddm":0.2180451128,"kdq":0.0050125313,"cdbd":0.2180451128},"Att2":{"hdddm":0.2180451128,"kdq":0.0050125313,"cdbd":0.2055137845},"Att3":{"hdddm":0.1904761905,"kdq":0.0012531328,"cdbd":0.2042606516},"Att4":{"hdddm":0.2243107769,"kdq":0.0,"cdbd":0.2318295739},"Att5":{"hdddm":0.2042606516,"kdq":0.0,"cdbd":0.1979949875},"Att6":{"hdddm":0.2243107769,"kdq":0.0012531328,"cdbd":0.1992481203},"Att7":{"hdddm":0.2080200501,"kdq":0.0025062657,"cdbd":0.2167919799},"Att8":{"hdddm":0.1829573935,"kdq":0.0,"cdbd":0.1766917293},"Att9":{"hdddm":0.2067669173,"kdq":0.0012531328,"cdbd":0.1917293233},"Att10":{"hdddm":0.1754385965,"kdq":0.0100250627,"cdbd":0.1679197995},"Att11":{"hdddm":0.1741854637,"kdq":0.0050125313,"cdbd":0.1766917293},"Att12":{"hdddm":0.1842105263,"kdq":0.0037593985,"cdbd":0.2005012531},"Att13":{"hdddm":0.179197995,"kdq":0.0,"cdbd":0.1904761905},"Att14":{"hdddm":0.164160401,"kdq":0.0,"cdbd":0.2042606516},"Att15":{"hdddm":0.164160401,"kdq":0.0037593985,"cdbd":0.1729323308},"Att16":{"hdddm":0.1516290727,"kdq":0.0025062657,"cdbd":0.1766917293},"Att17":{"hdddm":0.1679197995,"kdq":0.007518797,"cdbd":0.164160401},"Att18":{"hdddm":0.186716792,"kdq":0.007518797,"cdbd":0.1892230576},"Att19":{"hdddm":0.171679198,"kdq":0.007518797,"cdbd":0.2030075188},"Att20":{"hdddm":0.186716792,"kdq":0.0162907268,"cdbd":0.194235589},"Att21":{"hdddm":0.2030075188,"kdq":0.0087719298,"cdbd":0.1892230576},"Att22":{"hdddm":0.1842105263,"kdq":0.0012531328,"cdbd":0.1741854637},"Att23":{"hdddm":0.1917293233,"kdq":0.0012531328,"cdbd":0.164160401},"Att24":{"hdddm":0.1704260652,"kdq":0.0,"cdbd":0.1629072682},"Att25":{"hdddm":0.1704260652,"kdq":0.0087719298,"cdbd":0.1879699248},"Att26":{"hdddm":0.1691729323,"kdq":0.0062656642,"cdbd":0.1829573935},"Att27":{"hdddm":0.164160401,"kdq":0.0025062657,"cdbd":0.1779448622},"Att28":{"hdddm":0.1817042607,"kdq":0.0125313283,"cdbd":0.2005012531},"Att29":{"hdddm":0.1766917293,"kdq":0.007518797,"cdbd":0.1804511278},"Att30":{"hdddm":0.1842105263,"kdq":0.0250626566,"cdbd":0.2030075188},"Att31":{"hdddm":0.1954887218,"kdq":0.0062656642,"cdbd":0.1817042607},"Att32":{"hdddm":0.1766917293,"kdq":0.0025062657,"cdbd":0.1516290727},"Att33":{"hdddm":0.1766917293,"kdq":0.0012531328,"cdbd":0.1854636591}}