{"PM10":{"hdddm":0.3617021277,"kdq":0.8085106383,"cdbd":0.3617021277},"SO2":{"hdddm":0.4255319149,"kdq":0.0212765957,"cdbd":0.4255319149},"NO2":{"hdddm":0.3191489362,"kdq":0.4680851064,"cdbd":0.2340425532},"CO":{"hdddm":0.4042553191,"kdq":0.0,"cdbd":0.2765957447},"O3":{"hdddm":0.3829787234,"kdq":0.1063829787,"cdbd":0.3829787234},"TEMP":{"hdddm":0.5319148936,"kdq":0.4255319149,"cdbd":0.4893617021},"PRES":{"hdddm":0.5106382979,"kdq":0.4468085106,"cdbd":0.4680851064},"DEWP":{"hdddm":0.5106382979,"kdq":0.9574468085,"cdbd":0.6382978723},"RAIN":{"hdddm":0.1063829787,"kdq":0.0,"cdbd":0.1489361702},"WSPM":{"hdddm":0.2553191489,"kdq":0.0,"cdbd":0.2765957447},"wd_E":{"hdddm":0.2127659574,"kdq":0.0,"cdbd":0.2340425532},"wd_ENE":{"hdddm":0.2765957447,"kdq":0.0,"cdbd":0.2765957447},"wd_ESE":{"hdddm":0.2765957447,"kdq":0.0,"cdbd":0.2553191489},"wd_N":{"hdddm":0.3191489362,"kdq":0.0,"cdbd":0.3191489362},"wd_NE":{"hdddm":0.170212766,"kdq":0.0,"cdbd":0.170212766},"wd_NNE":{"hdddm":0.2978723404,"kdq":0.0,"cdbd":0.2978723404},"wd_NNW":{"hdddm":0.2553191489,"kdq":0.0,"cdbd":0.2553191489},"wd_NW":{"hdddm":0.2765957447,"kdq":0.0,"cdbd":0.2553191489},"wd_S":{"hdddm":0.2978723404,"kdq":0.0,"cdbd":0.3404255319},"wd_SE":{"hdddm":0.1914893617,"kdq":0.0,"cdbd":0.170212766},"wd_SSE":{"hdddm":0.2127659574,"kdq":0.0,"cdbd":0.2127659574},"wd_SSW":{"hdddm":0.3404255319,"kdq":0.0,"cdbd":0.3829787234},"wd_SW":{"hdddm":0.3404255319,"kdq":0.0,"cdbd":0.3617021277},"wd_W":{"hdddm":0.2340425532,"kdq":0.0,"cdbd":0.2765957447},"wd_WNW":{"hdddm":0.2553191489,"kdq":0.0,"cdbd":0.2553191489},"wd_WSW":{"hdddm":0.2765957447,"kdq":0.0,"cdbd":0.2127659574},"station_Nongzhanguan":{"hdddm":0.0,"kdq":0.0,"cdbd":0.0}}