{"hdddm":{"0":0.0902854614},"kdq":{"0":0.0002212879}}