{"Temperature":{"hdddm":0.6086956522,"kdq":1.0,"cdbd":0.6086956522},"Humidity":{"hdddm":0.5652173913,"kdq":1.0,"cdbd":0.5652173913},"Wind Speed":{"hdddm":0.8260869565,"kdq":0.0,"cdbd":0.6956521739},"general diffuse flows":{"hdddm":0.347826087,"kdq":0.8695652174,"cdbd":0.3913043478},"diffuse flows":{"hdddm":0.2608695652,"kdq":1.0,"cdbd":0.347826087}}