{"ps_ind_01":{"hdddm":0.1578947368,"kdq":0.0,"cdbd":0.1578947368},"ps_ind_02_cat":{"hdddm":0.1578947368,"kdq":0.0,"cdbd":0.1315789474},"ps_ind_03":{"hdddm":0.1578947368,"kdq":0.0,"cdbd":0.1578947368},"ps_ind_04_cat":{"hdddm":0.1578947368,"kdq":0.0,"cdbd":0.1578947368},"ps_ind_05_cat":{"hdddm":0.1578947368,"kdq":0.0,"cdbd":0.1578947368},"ps_ind_06_bin":{"hdddm":0.2105263158,"kdq":0.0,"cdbd":0.2105263158},"ps_ind_07_bin":{"hdddm":0.2631578947,"kdq":0.0,"cdbd":0.2631578947},"ps_ind_08_bin":{"hdddm":0.1052631579,"kdq":0.0,"cdbd":0.1052631579},"ps_ind_09_bin":{"hdddm":0.3421052632,"kdq":0.0,"cdbd":0.3421052632},"ps_ind_10_bin":{"hdddm":0.1842105263,"kdq":0.0,"cdbd":0.1842105263},"ps_ind_11_bin":{"hdddm":0.2368421053,"kdq":0.0,"cdbd":0.2368421053},"ps_ind_12_bin":{"hdddm":0.2105263158,"kdq":0.0,"cdbd":0.2105263158},"ps_ind_13_bin":{"hdddm":0.2105263158,"kdq":0.0,"cdbd":0.2105263158},"ps_ind_14":{"hdddm":0.3157894737,"kdq":0.0,"cdbd":0.3157894737},"ps_ind_15":{"hdddm":0.1842105263,"kdq":0.0,"cdbd":0.1842105263},"ps_ind_16_bin":{"hdddm":0.1052631579,"kdq":0.0,"cdbd":0.1052631579},"ps_ind_17_bin":{"hdddm":0.1578947368,"kdq":0.0,"cdbd":0.1578947368},"ps_ind_18_bin":{"hdddm":0.3157894737,"kdq":0.0,"cdbd":0.3157894737},"ps_reg_01":{"hdddm":0.2105263158,"kdq":0.0,"cdbd":0.2105263158},"ps_reg_02":{"hdddm":0.0789473684,"kdq":0.0,"cdbd":0.0789473684},"ps_reg_03":{"hdddm":0.1315789474,"kdq":0.0263157895,"cdbd":0.1315789474},"ps_car_01_cat":{"hdddm":0.1052631579,"kdq":0.0,"cdbd":0.1842105263},"ps_car_02_cat":{"hdddm":0.1315789474,"kdq":0.0,"cdbd":0.1052631579},"ps_car_03_cat":{"hdddm":0.1578947368,"kdq":0.0,"cdbd":0.1842105263},"ps_car_04_cat":{"hdddm":0.1315789474,"kdq":0.0,"cdbd":0.1315789474},"ps_car_05_cat":{"hdddm":0.2105263158,"kdq":0.0,"cdbd":0.2105263158},"ps_car_06_cat":{"hdddm":0.1578947368,"kdq":0.0,"cdbd":0.1578947368},"ps_car_07_cat":{"hdddm":0.2631578947,"kdq":0.0,"cdbd":0.2631578947},"ps_car_08_cat":{"hdddm":0.2894736842,"kdq":0.0,"cdbd":0.2894736842},"ps_car_09_cat":{"hdddm":0.2105263158,"kdq":0.0,"cdbd":0.2105263158},"ps_car_10_cat":{"hdddm":0.1315789474,"kdq":0.0,"cdbd":0.1315789474},"ps_car_11_cat":{"hdddm":0.0789473684,"kdq":0.0,"cdbd":0.0789473684},"ps_car_11":{"hdddm":0.1315789474,"kdq":0.0,"cdbd":0.1315789474},"ps_car_12":{"hdddm":0.2105263158,"kdq":0.0,"cdbd":0.1052631579},"ps_car_13":{"hdddm":0.1315789474,"kdq":0.0263157895,"cdbd":0.1315789474},"ps_car_14":{"hdddm":0.2105263158,"kdq":0.0,"cdbd":0.2105263158},"ps_car_15":{"hdddm":0.2105263158,"kdq":0.0,"cdbd":0.1578947368},"ps_calc_01":{"hdddm":0.1842105263,"kdq":0.0,"cdbd":0.1842105263},"ps_calc_02":{"hdddm":0.1842105263,"kdq":0.0,"cdbd":0.1842105263},"ps_calc_03":{"hdddm":0.1052631579,"kdq":0.0,"cdbd":0.1052631579},"ps_calc_04":{"hdddm":0.1052631579,"kdq":0.0,"cdbd":0.1052631579},"ps_calc_05":{"hdddm":0.1052631579,"kdq":0.0,"cdbd":0.1052631579},"ps_calc_06":{"hdddm":0.2368421053,"kdq":0.0,"cdbd":0.2368421053},"ps_calc_07":{"hdddm":0.2368421053,"kdq":0.0,"cdbd":0.2105263158},"ps_calc_08":{"hdddm":0.1052631579,"kdq":0.0,"cdbd":0.0789473684},"ps_calc_09":{"hdddm":0.2105263158,"kdq":0.0,"cdbd":0.2105263158},"ps_calc_10":{"hdddm":0.1052631579,"kdq":0.0,"cdbd":0.0789473684},"ps_calc_11":{"hdddm":0.1315789474,"kdq":0.0,"cdbd":0.1315789474},"ps_calc_12":{"hdddm":0.1052631579,"kdq":0.0,"cdbd":0.2105263158},"ps_calc_13":{"hdddm":0.2368421053,"kdq":0.0,"cdbd":0.2368421053},"ps_calc_14":{"hdddm":0.1052631579,"kdq":0.0,"cdbd":0.1052631579},"ps_calc_15_bin":{"hdddm":0.1842105263,"kdq":0.0,"cdbd":0.1842105263},"ps_calc_16_bin":{"hdddm":0.2105263158,"kdq":0.0,"cdbd":0.2105263158},"ps_calc_17_bin":{"hdddm":0.2894736842,"kdq":0.0,"cdbd":0.2894736842},"ps_calc_18_bin":{"hdddm":0.1842105263,"kdq":0.0,"cdbd":0.1842105263},"ps_calc_19_bin":{"hdddm":0.2105263158,"kdq":0.0,"cdbd":0.2105263158},"ps_calc_20_bin":{"hdddm":0.1842105263,"kdq":0.0,"cdbd":0.1842105263}}