{"hdddm":{"0":0.0887364461},"kdq":{"0":0.0002212879}}