{"Att1":{"hdddm":0.1989378181,"kdq":0.0013277274,"cdbd":0.1945120602},"Att2":{"hdddm":0.1984952423,"kdq":0.0002212879,"cdbd":0.192741757},"Att3":{"hdddm":0.1987165302,"kdq":0.0,"cdbd":0.1978313786},"Att4":{"hdddm":0.1856605444,"kdq":0.0,"cdbd":0.1971675149},"Att5":{"hdddm":0.1956184997,"kdq":0.0006638637,"cdbd":0.1847753928},"Att6":{"hdddm":0.2038061518,"kdq":0.0004425758,"cdbd":0.1916353175},"Att7":{"hdddm":0.1845541049,"kdq":0.0004425758,"cdbd":0.199159106},"Att8":{"hdddm":0.1712768312,"kdq":0.0006638637,"cdbd":0.1741535738},"Att9":{"hdddm":0.1666297854,"kdq":0.0002212879,"cdbd":0.1723832706},"Att10":{"hdddm":0.1805709228,"kdq":0.0015490153,"cdbd":0.1962823634},"Att11":{"hdddm":0.175923877,"kdq":0.0006638637,"cdbd":0.1790219075},"Att12":{"hdddm":0.1805709228,"kdq":0.0006638637,"cdbd":0.1761451649},"Att13":{"hdddm":0.1719406948,"kdq":0.0,"cdbd":0.1876521354},"Att14":{"hdddm":0.1788006196,"kdq":0.0002212879,"cdbd":0.1730471343},"Att15":{"hdddm":0.1774728922,"kdq":0.0,"cdbd":0.1774728922},"Att16":{"hdddm":0.1752600133,"kdq":0.0006638637,"cdbd":0.1761451649},"Att17":{"hdddm":0.1586634211,"kdq":0.0006638637,"cdbd":0.1686213764},"Att18":{"hdddm":0.1788006196,"kdq":0.0002212879,"cdbd":0.1880947112},"Att19":{"hdddm":0.1825625138,"kdq":0.0013277274,"cdbd":0.1872095596},"Att20":{"hdddm":0.1765877407,"kdq":0.0013277274,"cdbd":0.1869882717},"Att21":{"hdddm":0.175923877,"kdq":0.0,"cdbd":0.1827838017},"Att22":{"hdddm":0.1728258464,"kdq":0.0015490153,"cdbd":0.1721619827},"Att23":{"hdddm":0.1830050896,"kdq":0.0002212879,"cdbd":0.1743748617},"Att24":{"hdddm":0.1743748617,"kdq":0.0008851516,"cdbd":0.1743748617},"Att25":{"hdddm":0.1783580438,"kdq":0.0008851516,"cdbd":0.184332817},"Att26":{"hdddm":0.1790219075,"kdq":0.0006638637,"cdbd":0.1880947112},"Att27":{"hdddm":0.1721619827,"kdq":0.0008851516,"cdbd":0.173710998},"Att28":{"hdddm":0.1785793317,"kdq":0.0013277274,"cdbd":0.180128347},"Att29":{"hdddm":0.1628678911,"kdq":0.0011064395,"cdbd":0.1783580438},"Att30":{"hdddm":0.1723832706,"kdq":0.0024341669,"cdbd":0.1858818323},"Att31":{"hdddm":0.175923877,"kdq":0.0002212879,"cdbd":0.1841115291},"Att32":{"hdddm":0.1772516043,"kdq":0.0008851516,"cdbd":0.1827838017},"Att33":{"hdddm":0.1745961496,"kdq":0.0008851516,"cdbd":0.1752600133}}