{"Att1":{"hdddm":0.1914917127,"kdq":0.0002209945,"cdbd":0.1879558011},"Att2":{"hdddm":0.1977900552,"kdq":0.0001104972,"cdbd":0.1985635359},"Att3":{"hdddm":0.1959116022,"kdq":0.000441989,"cdbd":0.1964640884},"Att4":{"hdddm":0.2009944751,"kdq":0.0003314917,"cdbd":0.1980110497},"Att5":{"hdddm":0.2014364641,"kdq":0.0,"cdbd":0.2022099448},"Att6":{"hdddm":0.2074033149,"kdq":0.0003314917,"cdbd":0.200441989},"Att7":{"hdddm":0.1993370166,"kdq":0.0001104972,"cdbd":0.195801105},"Att8":{"hdddm":0.1783425414,"kdq":0.0003314917,"cdbd":0.1839779006},"Att9":{"hdddm":0.1691712707,"kdq":0.0007734807,"cdbd":0.1784530387},"Att10":{"hdddm":0.178121547,"kdq":0.0003314917,"cdbd":0.1813259669},"Att11":{"hdddm":0.1700552486,"kdq":0.0,"cdbd":0.1712707182},"Att12":{"hdddm":0.1766850829,"kdq":0.0005524862,"cdbd":0.1829834254},"Att13":{"hdddm":0.173038674,"kdq":0.001878453,"cdbd":0.1797790055},"Att14":{"hdddm":0.1744751381,"kdq":0.0001104972,"cdbd":0.180441989},"Att15":{"hdddm":0.1844198895,"kdq":0.0005524862,"cdbd":0.1834254144},"Att16":{"hdddm":0.1775690608,"kdq":0.0,"cdbd":0.1808839779},"Att17":{"hdddm":0.1752486188,"kdq":0.0,"cdbd":0.1797790055},"Att18":{"hdddm":0.1745856354,"kdq":0.000441989,"cdbd":0.18},"Att19":{"hdddm":0.1762430939,"kdq":0.0017679558,"cdbd":0.1903867403},"Att20":{"hdddm":0.1828729282,"kdq":0.0,"cdbd":0.1889502762},"Att21":{"hdddm":0.1733701657,"kdq":0.0,"cdbd":0.173480663},"Att22":{"hdddm":0.1773480663,"kdq":0.0003314917,"cdbd":0.1779005525},"Att23":{"hdddm":0.1767955801,"kdq":0.0003314917,"cdbd":0.1717127072},"Att24":{"hdddm":0.178121547,"kdq":0.000441989,"cdbd":0.184640884},"Att25":{"hdddm":0.1805524862,"kdq":0.0002209945,"cdbd":0.182320442},"Att26":{"hdddm":0.1743646409,"kdq":0.0,"cdbd":0.1774585635},"Att27":{"hdddm":0.1735911602,"kdq":0.0,"cdbd":0.1806629834},"Att28":{"hdddm":0.1761325967,"kdq":0.0,"cdbd":0.1829834254},"Att29":{"hdddm":0.1722651934,"kdq":0.000441989,"cdbd":0.184198895},"Att30":{"hdddm":0.1699447514,"kdq":0.000441989,"cdbd":0.1706077348},"Att31":{"hdddm":0.170718232,"kdq":0.0008839779,"cdbd":0.1798895028},"Att32":{"hdddm":0.1695027624,"kdq":0.000441989,"cdbd":0.1798895028},"Att33":{"hdddm":0.1745856354,"kdq":0.0002209945,"cdbd":0.1845303867}}