{"hdddm":{"0":0.2857142857},"kdq":{"0":0.0714285714}}