{"holiday":{"hdddm":0.7857142857,"kdq":0.0,"cdbd":0.5},"workingday":{"hdddm":0.3571428571,"kdq":0.0,"cdbd":0.2857142857},"weather":{"hdddm":0.4285714286,"kdq":0.0,"cdbd":0.4285714286},"temp":{"hdddm":0.6428571429,"kdq":0.0,"cdbd":0.6428571429},"atemp":{"hdddm":0.6428571429,"kdq":0.0,"cdbd":0.5714285714},"humidity":{"hdddm":0.3571428571,"kdq":0.0,"cdbd":0.2142857143},"windspeed":{"hdddm":0.2857142857,"kdq":0.0,"cdbd":0.2857142857},"casual":{"hdddm":0.2857142857,"kdq":0.0,"cdbd":0.2857142857},"registered":{"hdddm":0.1428571429,"kdq":0.4285714286,"cdbd":0.0714285714}}