{"hdddm":{"0":0.1065162907},"kdq":{"0":0.0012531328}}