{"hdddm":{"0":0.0891840607},"kdq":{"0":0.0018975332}}