{"Att1":{"hdddm":0.155597723,"kdq":0.0,"cdbd":0.1423149905},"Att2":{"hdddm":0.1859582543,"kdq":0.0056925996,"cdbd":0.1821631879},"Att3":{"hdddm":0.2163187856,"kdq":0.0056925996,"cdbd":0.1859582543},"Att4":{"hdddm":0.1973434535,"kdq":0.0037950664,"cdbd":0.1954459203},"Att5":{"hdddm":0.2163187856,"kdq":0.0018975332,"cdbd":0.2030360531},"Att6":{"hdddm":0.1688804554,"kdq":0.0018975332,"cdbd":0.1726755218},"Att7":{"hdddm":0.1916508539,"kdq":0.0018975332,"cdbd":0.1669829222},"Att8":{"hdddm":0.2030360531,"kdq":0.0,"cdbd":0.2239089184},"Att9":{"hdddm":0.1783681214,"kdq":0.0018975332,"cdbd":0.1840607211},"Att10":{"hdddm":0.1802656546,"kdq":0.009487666,"cdbd":0.1593927894},"Att11":{"hdddm":0.1764705882,"kdq":0.0,"cdbd":0.1973434535},"Att12":{"hdddm":0.1878557875,"kdq":0.0170777989,"cdbd":0.1973434535},"Att13":{"hdddm":0.1916508539,"kdq":0.009487666,"cdbd":0.2030360531},"Att14":{"hdddm":0.1973434535,"kdq":0.0018975332,"cdbd":0.2030360531},"Att15":{"hdddm":0.1499051233,"kdq":0.0208728653,"cdbd":0.1688804554},"Att16":{"hdddm":0.165085389,"kdq":0.0,"cdbd":0.1859582543},"Att17":{"hdddm":0.1897533207,"kdq":0.0,"cdbd":0.1821631879},"Att18":{"hdddm":0.1821631879,"kdq":0.0284629981,"cdbd":0.1783681214},"Att19":{"hdddm":0.1631878558,"kdq":0.009487666,"cdbd":0.1707779886},"Att20":{"hdddm":0.1916508539,"kdq":0.009487666,"cdbd":0.1707779886},"Att21":{"hdddm":0.1593927894,"kdq":0.0056925996,"cdbd":0.1688804554},"Att22":{"hdddm":0.1612903226,"kdq":0.0056925996,"cdbd":0.1859582543},"Att23":{"hdddm":0.1783681214,"kdq":0.0,"cdbd":0.1423149905},"Att24":{"hdddm":0.1764705882,"kdq":0.0037950664,"cdbd":0.220113852},"Att25":{"hdddm":0.1688804554,"kdq":0.0132827324,"cdbd":0.1537001898},"Att26":{"hdddm":0.1859582543,"kdq":0.009487666,"cdbd":0.220113852},"Att27":{"hdddm":0.1859582543,"kdq":0.0037950664,"cdbd":0.2125237192},"Att28":{"hdddm":0.1935483871,"kdq":0.0037950664,"cdbd":0.210626186},"Att29":{"hdddm":0.1688804554,"kdq":0.0132827324,"cdbd":0.1783681214},"Att30":{"hdddm":0.1669829222,"kdq":0.0,"cdbd":0.174573055},"Att31":{"hdddm":0.174573055,"kdq":0.0037950664,"cdbd":0.1764705882},"Att32":{"hdddm":0.2049335863,"kdq":0.0,"cdbd":0.1631878558},"Att33":{"hdddm":0.1726755218,"kdq":0.0075901328,"cdbd":0.1935483871}}