{"Att1":{"hdddm":0.2111086524,"kdq":0.0002212879,"cdbd":0.2024784244},"Att2":{"hdddm":0.2069041823,"kdq":0.0006638637,"cdbd":0.2018145607},"Att3":{"hdddm":0.1909714539,"kdq":0.0,"cdbd":0.1903075902},"Att4":{"hdddm":0.2015932728,"kdq":0.0,"cdbd":0.1872095596},"Att5":{"hdddm":0.1984952423,"kdq":0.0008851516,"cdbd":0.2011506971},"Att6":{"hdddm":0.1958397876,"kdq":0.0,"cdbd":0.1980526665},"Att7":{"hdddm":0.1920778933,"kdq":0.0006638637,"cdbd":0.1847753928},"Att8":{"hdddm":0.1823412259,"kdq":0.0019915911,"cdbd":0.1894224386},"Att9":{"hdddm":0.1847753928,"kdq":0.0019915911,"cdbd":0.1898650144},"Att10":{"hdddm":0.1754813012,"kdq":0.0008851516,"cdbd":0.1748174375},"Att11":{"hdddm":0.1692852401,"kdq":0.0013277274,"cdbd":0.1841115291},"Att12":{"hdddm":0.1772516043,"kdq":0.0006638637,"cdbd":0.1757025891},"Att13":{"hdddm":0.175923877,"kdq":0.002212879,"cdbd":0.1794644833},"Att14":{"hdddm":0.1688426643,"kdq":0.0030980305,"cdbd":0.1768090285},"Att15":{"hdddm":0.1728258464,"kdq":0.0013277274,"cdbd":0.1841115291},"Att16":{"hdddm":0.1765877407,"kdq":0.0004425758,"cdbd":0.1765877407},"Att17":{"hdddm":0.1730471343,"kdq":0.0002212879,"cdbd":0.173710998},"Att18":{"hdddm":0.1750387254,"kdq":0.0004425758,"cdbd":0.1717194069},"Att19":{"hdddm":0.1768090285,"kdq":0.0004425758,"cdbd":0.1805709228},"Att20":{"hdddm":0.1858818323,"kdq":0.0,"cdbd":0.1823412259},"Att21":{"hdddm":0.1661872096,"kdq":0.0006638637,"cdbd":0.1796857712},"Att22":{"hdddm":0.1785793317,"kdq":0.0002212879,"cdbd":0.1867669838},"Att23":{"hdddm":0.1761451649,"kdq":0.0013277274,"cdbd":0.1896437265},"Att24":{"hdddm":0.1743748617,"kdq":0.0,"cdbd":0.1838902412},"Att25":{"hdddm":0.1593272848,"kdq":0.0002212879,"cdbd":0.1650807701},"Att26":{"hdddm":0.1763664528,"kdq":0.0,"cdbd":0.1799070591},"Att27":{"hdddm":0.1761451649,"kdq":0.0011064395,"cdbd":0.182119938},"Att28":{"hdddm":0.1803496349,"kdq":0.0002212879,"cdbd":0.186545696},"Att29":{"hdddm":0.1613188759,"kdq":0.0008851516,"cdbd":0.1799070591},"Att30":{"hdddm":0.1637530427,"kdq":0.0013277274,"cdbd":0.1699491038},"Att31":{"hdddm":0.182119938,"kdq":0.0017703032,"cdbd":0.182119938},"Att32":{"hdddm":0.1690639522,"kdq":0.0,"cdbd":0.1854392565},"Att33":{"hdddm":0.1781367559,"kdq":0.0006638637,"cdbd":0.1741535738}}