{"var1":{"var1":0.0006637168,"var2":0.0},"var2":{"var1":0.0006637168,"var2":0.0}}